update_date,franchise,title,experience,season,update_title,date_source_type,source_page_title,source_url,source_file,retrieved_at
2024-09-18,Call of Duty,Modern Warfare III,,Season 6,September 18,heading,Call of Duty: Modern Warfare III Season 6 Patch Notes,https://www.callofduty.com/patchnotes/2024/09/call-of-duty-modern-warfare-iii-season-6-patch-notes,call-of-duty-modern-warfare-iii-season-6-patch-notes-a40f30aa00.html,2026-09-18T00:27:27.841756+00:00
2024-09-18,Call of Duty,,Warzone,Season 6,WEDNESDAY SEPTEMBER 18,heading,Call of Duty: Warzone Season 6 Patch Notes,https://www.callofduty.com/patchnotes/2024/09/call-of-duty-mwiii-warzone-season-6-patch-notes,call-of-duty-mwiii-warzone-season-6-patch-notes-0e4f0c71f7.html,2026-09-18T00:27:28.939136+00:00
2024-09-19,Call of Duty,Modern Warfare III,,Season 6,September 19,heading,Call of Duty: Modern Warfare III Season 6 Patch Notes,https://www.callofduty.com/patchnotes/2024/09/call-of-duty-modern-warfare-iii-season-6-patch-notes,call-of-duty-modern-warfare-iii-season-6-patch-notes-a40f30aa00.html,2026-09-18T00:27:27.841756+00:00
2024-09-24,Call of Duty,Modern Warfare III,,Season 6,September 24,heading,Call of Duty: Modern Warfare III Season 6 Patch Notes,https://www.callofduty.com/patchnotes/2024/09/call-of-duty-modern-warfare-iii-season-6-patch-notes,call-of-duty-modern-warfare-iii-season-6-patch-notes-a40f30aa00.html,2026-09-18T00:27:27.841756+00:00
2024-09-24,Call of Duty,,Warzone,Season 6,TUESDAY SEPTEMBER 24,heading,Call of Duty: Warzone Season 6 Patch Notes,https://www.callofduty.com/patchnotes/2024/09/call-of-duty-mwiii-warzone-season-6-patch-notes,call-of-duty-mwiii-warzone-season-6-patch-notes-0e4f0c71f7.html,2026-09-18T00:27:28.939136+00:00
2024-10-01,Call of Duty,Modern Warfare III,,Season 6,October 1,heading,Call of Duty: Modern Warfare III Season 6 Patch Notes,https://www.callofduty.com/patchnotes/2024/09/call-of-duty-modern-warfare-iii-season-6-patch-notes,call-of-duty-modern-warfare-iii-season-6-patch-notes-a40f30aa00.html,2026-09-18T00:27:27.841756+00:00
2024-10-01,Call of Duty,,Warzone,Season 6,TUESDAY OCTOBER 1,heading,Call of Duty: Warzone Season 6 Patch Notes,https://www.callofduty.com/patchnotes/2024/09/call-of-duty-mwiii-warzone-season-6-patch-notes,call-of-duty-mwiii-warzone-season-6-patch-notes-0e4f0c71f7.html,2026-09-18T00:27:28.939136+00:00
2024-10-21,Call of Duty,Modern Warfare III,,Season 6,October 21,heading,Call of Duty: Modern Warfare III Season 6 Patch Notes,https://www.callofduty.com/patchnotes/2024/09/call-of-duty-modern-warfare-iii-season-6-patch-notes,call-of-duty-modern-warfare-iii-season-6-patch-notes-a40f30aa00.html,2026-09-18T00:27:27.841756+00:00
2024-10-21,Call of Duty,,Warzone,Season 6,MONDAY OCTOBER 21,heading;dateline,Call of Duty: Warzone Season 6 Patch Notes,https://www.callofduty.com/patchnotes/2024/09/call-of-duty-mwiii-warzone-season-6-patch-notes,call-of-duty-mwiii-warzone-season-6-patch-notes-0e4f0c71f7.html,2026-09-18T00:27:28.939136+00:00
2024-10-23,Call of Duty,Black Ops 6,,Preseason,October 23,anchor,Call of Duty: Black Ops 6 Preseason Patch Notes,https://www.callofduty.com/patchnotes/2024/10/bo6-preseason-patch-notes,bo6-preseason-patch-notes-32453ee450.html,2026-09-18T00:27:30.081490+00:00
2024-10-24,Call of Duty,Black Ops 6,,Preseason,October 24,anchor,Call of Duty: Black Ops 6 Preseason Patch Notes,https://www.callofduty.com/patchnotes/2024/10/bo6-preseason-patch-notes,bo6-preseason-patch-notes-32453ee450.html,2026-09-18T00:27:30.081490+00:00
2024-10-25,Call of Duty,Modern Warfare III,,Season 6,October 25,heading;dateline,Call of Duty: Modern Warfare III Season 6 Patch Notes,https://www.callofduty.com/patchnotes/2024/09/call-of-duty-modern-warfare-iii-season-6-patch-notes,call-of-duty-modern-warfare-iii-season-6-patch-notes-a40f30aa00.html,2026-09-18T00:27:27.841756+00:00
2024-10-26,Call of Duty,Black Ops 6,,Preseason,October 26,anchor,Call of Duty: Black Ops 6 Preseason Patch Notes,https://www.callofduty.com/patchnotes/2024/10/bo6-preseason-patch-notes,bo6-preseason-patch-notes-32453ee450.html,2026-09-18T00:27:30.081490+00:00
2024-10-29,Call of Duty,Black Ops 6,,Preseason,October 29,anchor,Call of Duty: Black Ops 6 Preseason Patch Notes,https://www.callofduty.com/patchnotes/2024/10/bo6-preseason-patch-notes,bo6-preseason-patch-notes-32453ee450.html,2026-09-18T00:27:30.081490+00:00
2024-11-01,Call of Duty,Black Ops 6,,Preseason,November 1,anchor,Call of Duty: Black Ops 6 Preseason Patch Notes,https://www.callofduty.com/patchnotes/2024/10/bo6-preseason-patch-notes,bo6-preseason-patch-notes-32453ee450.html,2026-09-18T00:27:30.081490+00:00
2024-11-04,Call of Duty,Black Ops 6,,Preseason,November 4,anchor,Call of Duty: Black Ops 6 Preseason Patch Notes,https://www.callofduty.com/patchnotes/2024/10/bo6-preseason-patch-notes,bo6-preseason-patch-notes-32453ee450.html,2026-09-18T00:27:30.081490+00:00
2024-11-08,Call of Duty,Black Ops 6,,Preseason,"November 08, 2024",dateline;anchor,Call of Duty: Black Ops 6 Preseason Patch Notes,https://www.callofduty.com/patchnotes/2024/10/bo6-preseason-patch-notes,bo6-preseason-patch-notes-32453ee450.html,2026-09-18T00:27:30.081490+00:00
2024-11-13,Call of Duty,,Warzone,Season 01,WEDNESDAY NOVEMBER 13,heading,Call of Duty: Warzone Season 01 Patch Notes,https://www.callofduty.com/patchnotes/2024/11/call-of-duty-bo6-warzone-season-01-patch-notes,call-of-duty-bo6-warzone-season-01-patch-notes-aee06a50fb.html,2026-09-18T00:27:32.590311+00:00
2024-11-15,Call of Duty,Black Ops 6,,Season 01,November 15,anchor,Call of Duty: Black Ops 6 Season 01 Patch Notes,https://www.callofduty.com/patchnotes/2024/11/call-of-duty-black-ops-6-season-01-patch-notes,call-of-duty-black-ops-6-season-01-patch-notes-948c48c9b7.html,2026-09-18T00:27:31.262125+00:00
2024-11-15,Call of Duty,,Warzone,Season 01,FRIDAY NOVEMBER 15,heading,Call of Duty: Warzone Season 01 Patch Notes,https://www.callofduty.com/patchnotes/2024/11/call-of-duty-bo6-warzone-season-01-patch-notes,call-of-duty-bo6-warzone-season-01-patch-notes-aee06a50fb.html,2026-09-18T00:27:32.590311+00:00
2024-11-16,Call of Duty,Black Ops 6,,Season 01,November 16,anchor,Call of Duty: Black Ops 6 Season 01 Patch Notes,https://www.callofduty.com/patchnotes/2024/11/call-of-duty-black-ops-6-season-01-patch-notes,call-of-duty-black-ops-6-season-01-patch-notes-948c48c9b7.html,2026-09-18T00:27:31.262125+00:00
2024-11-16,Call of Duty,,Warzone,Season 01,SATURDAY NOVEMBER 16,heading,Call of Duty: Warzone Season 01 Patch Notes,https://www.callofduty.com/patchnotes/2024/11/call-of-duty-bo6-warzone-season-01-patch-notes,call-of-duty-bo6-warzone-season-01-patch-notes-aee06a50fb.html,2026-09-18T00:27:32.590311+00:00
2024-11-19,Call of Duty,Black Ops 6,,Season 01,November 19,anchor,Call of Duty: Black Ops 6 Season 01 Patch Notes,https://www.callofduty.com/patchnotes/2024/11/call-of-duty-black-ops-6-season-01-patch-notes,call-of-duty-black-ops-6-season-01-patch-notes-948c48c9b7.html,2026-09-18T00:27:31.262125+00:00
2024-11-19,Call of Duty,,Warzone,Season 01,TUESDAY NOVEMBER 19,heading,Call of Duty: Warzone Season 01 Patch Notes,https://www.callofduty.com/patchnotes/2024/11/call-of-duty-bo6-warzone-season-01-patch-notes,call-of-duty-bo6-warzone-season-01-patch-notes-aee06a50fb.html,2026-09-18T00:27:32.590311+00:00
2024-11-21,Call of Duty,Black Ops 6,,Season 01,November 21,anchor,Call of Duty: Black Ops 6 Season 01 Patch Notes,https://www.callofduty.com/patchnotes/2024/11/call-of-duty-black-ops-6-season-01-patch-notes,call-of-duty-black-ops-6-season-01-patch-notes-948c48c9b7.html,2026-09-18T00:27:31.262125+00:00
2024-11-21,Call of Duty,,Warzone,Season 01,THURSDAY NOVEMBER 21,heading,Call of Duty: Warzone Season 01 Patch Notes,https://www.callofduty.com/patchnotes/2024/11/call-of-duty-bo6-warzone-season-01-patch-notes,call-of-duty-bo6-warzone-season-01-patch-notes-aee06a50fb.html,2026-09-18T00:27:32.590311+00:00
2024-11-25,Call of Duty,Black Ops 6,,Season 01,November 25,anchor,Call of Duty: Black Ops 6 Season 01 Patch Notes,https://www.callofduty.com/patchnotes/2024/11/call-of-duty-black-ops-6-season-01-patch-notes,call-of-duty-black-ops-6-season-01-patch-notes-948c48c9b7.html,2026-09-18T00:27:31.262125+00:00
2024-11-25,Call of Duty,,Warzone,Season 01,MONDAY NOVEMBER 25,heading,Call of Duty: Warzone Season 01 Patch Notes,https://www.callofduty.com/patchnotes/2024/11/call-of-duty-bo6-warzone-season-01-patch-notes,call-of-duty-bo6-warzone-season-01-patch-notes-aee06a50fb.html,2026-09-18T00:27:32.590311+00:00
2024-12-04,Call of Duty,,Warzone,Season 01,WEDNESDAY DECEMBER 4,heading,Call of Duty: Warzone Season 01 Patch Notes,https://www.callofduty.com/patchnotes/2024/11/call-of-duty-bo6-warzone-season-01-patch-notes,call-of-duty-bo6-warzone-season-01-patch-notes-aee06a50fb.html,2026-09-18T00:27:32.590311+00:00
2024-12-05,Call of Duty,Black Ops 6,,Season 01,December 5,anchor,Call of Duty: Black Ops 6 Season 01 Patch Notes,https://www.callofduty.com/patchnotes/2024/11/call-of-duty-black-ops-6-season-01-patch-notes,call-of-duty-black-ops-6-season-01-patch-notes-948c48c9b7.html,2026-09-18T00:27:31.262125+00:00
2024-12-06,Call of Duty,Black Ops 6,,Season 01,December 6,anchor,Call of Duty: Black Ops 6 Season 01 Patch Notes,https://www.callofduty.com/patchnotes/2024/11/call-of-duty-black-ops-6-season-01-patch-notes,call-of-duty-black-ops-6-season-01-patch-notes-948c48c9b7.html,2026-09-18T00:27:31.262125+00:00
2024-12-10,Call of Duty,Black Ops 6,,Season 01,December 10,anchor,Call of Duty: Black Ops 6 Season 01 Patch Notes,https://www.callofduty.com/patchnotes/2024/11/call-of-duty-black-ops-6-season-01-patch-notes,call-of-duty-black-ops-6-season-01-patch-notes-948c48c9b7.html,2026-09-18T00:27:31.262125+00:00
2024-12-10,Call of Duty,,Warzone,Season 01,TUESDAY DECEMBER 10,heading,Call of Duty: Warzone Season 01 Patch Notes,https://www.callofduty.com/patchnotes/2024/11/call-of-duty-bo6-warzone-season-01-patch-notes,call-of-duty-bo6-warzone-season-01-patch-notes-aee06a50fb.html,2026-09-18T00:27:32.590311+00:00
2024-12-11,Call of Duty,Black Ops 6,,Season 01,December 11,anchor,Call of Duty: Black Ops 6 Season 01 Patch Notes,https://www.callofduty.com/patchnotes/2024/11/call-of-duty-black-ops-6-season-01-patch-notes,call-of-duty-black-ops-6-season-01-patch-notes-948c48c9b7.html,2026-09-18T00:27:31.262125+00:00
2024-12-11,Call of Duty,,Warzone,Season 01,WEDNESDAY DECEMBER 11,heading,Call of Duty: Warzone Season 01 Patch Notes,https://www.callofduty.com/patchnotes/2024/11/call-of-duty-bo6-warzone-season-01-patch-notes,call-of-duty-bo6-warzone-season-01-patch-notes-aee06a50fb.html,2026-09-18T00:27:32.590311+00:00
2024-12-12,Call of Duty,Black Ops 6,,Season 01,December 12,anchor,Call of Duty: Black Ops 6 Season 01 Patch Notes,https://www.callofduty.com/patchnotes/2024/11/call-of-duty-black-ops-6-season-01-patch-notes,call-of-duty-black-ops-6-season-01-patch-notes-948c48c9b7.html,2026-09-18T00:27:31.262125+00:00
2024-12-12,Call of Duty,,Warzone,Season 01,THURSDAY DECEMBER 12,heading,Call of Duty: Warzone Season 01 Patch Notes,https://www.callofduty.com/patchnotes/2024/11/call-of-duty-bo6-warzone-season-01-patch-notes,call-of-duty-bo6-warzone-season-01-patch-notes-aee06a50fb.html,2026-09-18T00:27:32.590311+00:00
2024-12-19,Call of Duty,,Warzone,Season 01,THURSDAY DECEMBER 19,heading,Call of Duty: Warzone Season 01 Patch Notes,https://www.callofduty.com/patchnotes/2024/11/call-of-duty-bo6-warzone-season-01-patch-notes,call-of-duty-bo6-warzone-season-01-patch-notes-aee06a50fb.html,2026-09-18T00:27:32.590311+00:00
2025-01-03,Call of Duty,Black Ops 6,,Season 01,January 3,anchor,Call of Duty: Black Ops 6 Season 01 Patch Notes,https://www.callofduty.com/patchnotes/2024/11/call-of-duty-black-ops-6-season-01-patch-notes,call-of-duty-black-ops-6-season-01-patch-notes-948c48c9b7.html,2026-09-18T00:27:31.262125+00:00
2025-01-03,Call of Duty,,Warzone,Season 01,FRIDAY JANUARY 3,heading,Call of Duty: Warzone Season 01 Patch Notes,https://www.callofduty.com/patchnotes/2024/11/call-of-duty-bo6-warzone-season-01-patch-notes,call-of-duty-bo6-warzone-season-01-patch-notes-aee06a50fb.html,2026-09-18T00:27:32.590311+00:00
2025-01-09,Call of Duty,Black Ops 6,,Season 01,"January 09, 2025",dateline;anchor,Call of Duty: Black Ops 6 Season 01 Patch Notes,https://www.callofduty.com/patchnotes/2024/11/call-of-duty-black-ops-6-season-01-patch-notes,call-of-duty-black-ops-6-season-01-patch-notes-948c48c9b7.html,2026-09-18T00:27:31.262125+00:00
2025-01-12,Call of Duty,,Warzone,Season 01,"January 12, 2025",dateline,Call of Duty: Warzone Season 01 Patch Notes,https://www.callofduty.com/patchnotes/2024/11/call-of-duty-bo6-warzone-season-01-patch-notes,call-of-duty-bo6-warzone-season-01-patch-notes-aee06a50fb.html,2026-09-18T00:27:32.590311+00:00
2025-01-13,Call of Duty,,Warzone,Season 01,MONDAY JANUARY 13,heading,Call of Duty: Warzone Season 01 Patch Notes,https://www.callofduty.com/patchnotes/2024/11/call-of-duty-bo6-warzone-season-01-patch-notes,call-of-duty-bo6-warzone-season-01-patch-notes-aee06a50fb.html,2026-09-18T00:27:32.590311+00:00
2025-01-27,Call of Duty,,Warzone,Season 02,MONDAY JANUARY 27,heading,Call of Duty: Warzone Season 02 Patch Notes,https://www.callofduty.com/patchnotes/2025/01/call-of-duty-bo6-warzone-season-02-patch-notes,call-of-duty-bo6-warzone-season-02-patch-notes-05358518dd.html,2026-09-18T00:27:35.134018+00:00
2025-01-31,Call of Duty,Black Ops 6,,Season 02,JANUARY 31,heading;anchor,Call of Duty: Black Ops 6 Season 02 Patch Notes,https://www.callofduty.com/patchnotes/2025/01/call-of-duty-black-ops-6-season-02-patch-notes,call-of-duty-black-ops-6-season-02-patch-notes-ef4799d5db.html,2026-09-18T00:27:33.915341+00:00
2025-01-31,Call of Duty,,Warzone,Season 02,FRIDAY JANUARY 31,heading,Call of Duty: Warzone Season 02 Patch Notes,https://www.callofduty.com/patchnotes/2025/01/call-of-duty-bo6-warzone-season-02-patch-notes,call-of-duty-bo6-warzone-season-02-patch-notes-05358518dd.html,2026-09-18T00:27:35.134018+00:00
2025-02-03,Call of Duty,Black Ops 6,,Season 02,FEBRUARY 3,heading;anchor,Call of Duty: Black Ops 6 Season 02 Patch Notes,https://www.callofduty.com/patchnotes/2025/01/call-of-duty-black-ops-6-season-02-patch-notes,call-of-duty-black-ops-6-season-02-patch-notes-ef4799d5db.html,2026-09-18T00:27:33.915341+00:00
2025-02-03,Call of Duty,,Warzone,Season 02,MONDAY FEBRUARY 3,heading,Call of Duty: Warzone Season 02 Patch Notes,https://www.callofduty.com/patchnotes/2025/01/call-of-duty-bo6-warzone-season-02-patch-notes,call-of-duty-bo6-warzone-season-02-patch-notes-05358518dd.html,2026-09-18T00:27:35.134018+00:00
2025-02-11,Call of Duty,Black Ops 6,,Season 02,FEBRUARY 11,heading;anchor,Call of Duty: Black Ops 6 Season 02 Patch Notes,https://www.callofduty.com/patchnotes/2025/01/call-of-duty-black-ops-6-season-02-patch-notes,call-of-duty-black-ops-6-season-02-patch-notes-ef4799d5db.html,2026-09-18T00:27:33.915341+00:00
2025-02-11,Call of Duty,,Warzone,Season 02,TUESDAY FEBRUARY 11,heading,Call of Duty: Warzone Season 02 Patch Notes,https://www.callofduty.com/patchnotes/2025/01/call-of-duty-bo6-warzone-season-02-patch-notes,call-of-duty-bo6-warzone-season-02-patch-notes-05358518dd.html,2026-09-18T00:27:35.134018+00:00
2025-02-13,Call of Duty,Black Ops 6,,Season 02,February 13,heading;anchor,Call of Duty: Black Ops 6 Season 02 Patch Notes,https://www.callofduty.com/patchnotes/2025/01/call-of-duty-black-ops-6-season-02-patch-notes,call-of-duty-black-ops-6-season-02-patch-notes-ef4799d5db.html,2026-09-18T00:27:33.915341+00:00
2025-02-13,Call of Duty,,Warzone,Season 02,THURSDAY FEBRUARY 13,heading,Call of Duty: Warzone Season 02 Patch Notes,https://www.callofduty.com/patchnotes/2025/01/call-of-duty-bo6-warzone-season-02-patch-notes,call-of-duty-bo6-warzone-season-02-patch-notes-05358518dd.html,2026-09-18T00:27:35.134018+00:00
2025-02-19,Call of Duty,,Warzone,Season 02,WEDNESDAY FEBRUARY 19,heading,Call of Duty: Warzone Season 02 Patch Notes,https://www.callofduty.com/patchnotes/2025/01/call-of-duty-bo6-warzone-season-02-patch-notes,call-of-duty-bo6-warzone-season-02-patch-notes-05358518dd.html,2026-09-18T00:27:35.134018+00:00
2025-02-21,Call of Duty,Black Ops 6,,Season 02,February 21,anchor,Call of Duty: Black Ops 6 Season 02 Patch Notes,https://www.callofduty.com/patchnotes/2025/01/call-of-duty-black-ops-6-season-02-patch-notes,call-of-duty-black-ops-6-season-02-patch-notes-ef4799d5db.html,2026-09-18T00:27:33.915341+00:00
2025-02-21,Call of Duty,,Warzone,Season 02,FRIDAY FEBRUARY 21,heading,Call of Duty: Warzone Season 02 Patch Notes,https://www.callofduty.com/patchnotes/2025/01/call-of-duty-bo6-warzone-season-02-patch-notes,call-of-duty-bo6-warzone-season-02-patch-notes-05358518dd.html,2026-09-18T00:27:35.134018+00:00
2025-02-26,Call of Duty,Black Ops 6,,Season 02,February 26,anchor,Call of Duty: Black Ops 6 Season 02 Patch Notes,https://www.callofduty.com/patchnotes/2025/01/call-of-duty-black-ops-6-season-02-patch-notes,call-of-duty-black-ops-6-season-02-patch-notes-ef4799d5db.html,2026-09-18T00:27:33.915341+00:00
2025-02-26,Call of Duty,,Warzone,Season 02,WEDNESDAY FEBRUARY 26,heading,Call of Duty: Warzone Season 02 Patch Notes,https://www.callofduty.com/patchnotes/2025/01/call-of-duty-bo6-warzone-season-02-patch-notes,call-of-duty-bo6-warzone-season-02-patch-notes-05358518dd.html,2026-09-18T00:27:35.134018+00:00
2025-03-11,Call of Duty,Black Ops 6,,Season 02,March 11,anchor,Call of Duty: Black Ops 6 Season 02 Patch Notes,https://www.callofduty.com/patchnotes/2025/01/call-of-duty-black-ops-6-season-02-patch-notes,call-of-duty-black-ops-6-season-02-patch-notes-ef4799d5db.html,2026-09-18T00:27:33.915341+00:00
2025-03-11,Call of Duty,,Warzone,Season 02,TUESDAY MARCH 11,heading;dateline,Call of Duty: Warzone Season 02 Patch Notes,https://www.callofduty.com/patchnotes/2025/01/call-of-duty-bo6-warzone-season-02-patch-notes,call-of-duty-bo6-warzone-season-02-patch-notes-05358518dd.html,2026-09-18T00:27:35.134018+00:00
2025-03-14,Call of Duty,Black Ops 6,,Season 02,"March 14, 2025",dateline;anchor,Call of Duty: Black Ops 6 Season 02 Patch Notes,https://www.callofduty.com/patchnotes/2025/01/call-of-duty-black-ops-6-season-02-patch-notes,call-of-duty-black-ops-6-season-02-patch-notes-ef4799d5db.html,2026-09-18T00:27:33.915341+00:00
2025-03-31,Call of Duty,,Warzone,Season 03,MONDAY MARCH 31,heading,Call of Duty: Warzone Season 03 Patch Notes,https://www.callofduty.com/patchnotes/2025/03/call-of-duty-bo6-warzone-season-03-patch-notes,call-of-duty-bo6-warzone-season-03-patch-notes-7be67f30ab.html,2026-09-18T00:27:37.903033+00:00
2025-04-07,Call of Duty,,Warzone,Season 03,MONDAY APRIL 7,heading,Call of Duty: Warzone Season 03 Patch Notes,https://www.callofduty.com/patchnotes/2025/03/call-of-duty-bo6-warzone-season-03-patch-notes,call-of-duty-bo6-warzone-season-03-patch-notes-7be67f30ab.html,2026-09-18T00:27:37.903033+00:00
2025-04-08,Call of Duty,Black Ops 6,,Season 03,April 8,anchor,Call of Duty: Black Ops 6 Season 03 Patch Notes,https://www.callofduty.com/patchnotes/2025/03/call-of-duty-black-ops-6-season-03-patch-notes,call-of-duty-black-ops-6-season-03-patch-notes-5bd6723d6a.html,2026-09-18T00:27:36.392625+00:00
2025-04-08,Call of Duty,,Warzone,Season 03,TUESDAY APRIL 8,heading,Call of Duty: Warzone Season 03 Patch Notes,https://www.callofduty.com/patchnotes/2025/03/call-of-duty-bo6-warzone-season-03-patch-notes,call-of-duty-bo6-warzone-season-03-patch-notes-7be67f30ab.html,2026-09-18T00:27:37.903033+00:00
2025-04-11,Call of Duty,Black Ops 6,,Season 03,April 11,anchor,Call of Duty: Black Ops 6 Season 03 Patch Notes,https://www.callofduty.com/patchnotes/2025/03/call-of-duty-black-ops-6-season-03-patch-notes,call-of-duty-black-ops-6-season-03-patch-notes-5bd6723d6a.html,2026-09-18T00:27:36.392625+00:00
2025-04-11,Call of Duty,,Warzone,Season 03,FRIDAY APRIL 11,heading;dateline,Call of Duty: Warzone Season 03 Patch Notes,https://www.callofduty.com/patchnotes/2025/03/call-of-duty-bo6-warzone-season-03-patch-notes,call-of-duty-bo6-warzone-season-03-patch-notes-7be67f30ab.html,2026-09-18T00:27:37.903033+00:00
2025-04-16,Call of Duty,Black Ops 6,,Season 03,April 16,anchor,Call of Duty: Black Ops 6 Season 03 Patch Notes,https://www.callofduty.com/patchnotes/2025/03/call-of-duty-black-ops-6-season-03-patch-notes,call-of-duty-black-ops-6-season-03-patch-notes-5bd6723d6a.html,2026-09-18T00:27:36.392625+00:00
2025-04-30,Call of Duty,,Warzone,Season 03 Reloaded,wednesday april 30,heading,Call of Duty: Warzone Patch Season 03 Reloaded Patch Notes,https://www.callofduty.com/patchnotes/2025/05/call-of-duty-bo6-warzone-season-03-reloaded-patch-notes,call-of-duty-bo6-warzone-season-03-reloaded-patch-notes-4bbfeb5dc2.html,2026-09-18T00:27:40.853719+00:00
2025-05-07,Call of Duty,Black Ops 6,,Season 03,May 7,anchor,Call of Duty: Black Ops 6 Season 03 Patch Notes,https://www.callofduty.com/patchnotes/2025/03/call-of-duty-black-ops-6-season-03-patch-notes,call-of-duty-black-ops-6-season-03-patch-notes-5bd6723d6a.html,2026-09-18T00:27:36.392625+00:00
2025-05-07,Call of Duty,,Warzone,Season 03 Reloaded,wednesday MAY 7,heading,Call of Duty: Warzone Patch Season 03 Reloaded Patch Notes,https://www.callofduty.com/patchnotes/2025/05/call-of-duty-bo6-warzone-season-03-reloaded-patch-notes,call-of-duty-bo6-warzone-season-03-reloaded-patch-notes-4bbfeb5dc2.html,2026-09-18T00:27:40.853719+00:00
2025-05-09,Call of Duty,,Warzone,Season 03 Reloaded,FRIDAY MAY 9,heading,Call of Duty: Warzone Patch Season 03 Reloaded Patch Notes,https://www.callofduty.com/patchnotes/2025/05/call-of-duty-bo6-warzone-season-03-reloaded-patch-notes,call-of-duty-bo6-warzone-season-03-reloaded-patch-notes-4bbfeb5dc2.html,2026-09-18T00:27:40.853719+00:00
2025-05-13,Call of Duty,Black Ops 6,,Season 03,May 13,anchor,Call of Duty: Black Ops 6 Season 03 Patch Notes,https://www.callofduty.com/patchnotes/2025/03/call-of-duty-black-ops-6-season-03-patch-notes,call-of-duty-black-ops-6-season-03-patch-notes-5bd6723d6a.html,2026-09-18T00:27:36.392625+00:00
2025-05-13,Call of Duty,,Warzone,Season 03 Reloaded,TUESDAY MAY 13,heading;dateline,Call of Duty: Warzone Patch Season 03 Reloaded Patch Notes,https://www.callofduty.com/patchnotes/2025/05/call-of-duty-bo6-warzone-season-03-reloaded-patch-notes,call-of-duty-bo6-warzone-season-03-reloaded-patch-notes-4bbfeb5dc2.html,2026-09-18T00:27:40.853719+00:00
2025-05-21,Call of Duty,Black Ops 6,,Season 03,"May 21, 2025",dateline;anchor,Call of Duty: Black Ops 6 Season 03 Patch Notes,https://www.callofduty.com/patchnotes/2025/03/call-of-duty-black-ops-6-season-03-patch-notes,call-of-duty-black-ops-6-season-03-patch-notes-5bd6723d6a.html,2026-09-18T00:27:36.392625+00:00
2025-05-28,Call of Duty,,Warzone,Season 04 | Season 04 Reloaded,WEDNESDAY MAY 28,heading;dateline,Call of Duty: Warzone Patch Season 04 Patch Notes | Call of Duty: Warzone Patch Season 04 Reloaded Patch Notes,https://www.callofduty.com/patchnotes/2025/05/call-of-duty-bo6-warzone-season-04-patch-notes | https://www.callofduty.com/patchnotes/2025/07/call-of-duty-bo6-warzone-season-04-reloaded-patch-notes,call-of-duty-bo6-warzone-season-04-patch-notes-0920046ff5.html | call-of-duty-bo6-warzone-season-04-reloaded-patch-notes-ba4899fd43.html,2026-09-18T00:27:42.120306+00:00 | 2026-09-18T00:27:43.313491+00:00
2025-06-02,Call of Duty,Black Ops 6,,Season 04,June 2,anchor,Call of Duty: Black Ops 6 Season 04 Patch Notes,https://www.callofduty.com/patchnotes/2025/05/call-of-duty-black-ops-6-season-04-patch-notes,call-of-duty-black-ops-6-season-04-patch-notes-566d659dae.html,2026-09-18T00:27:39.516524+00:00
2025-06-02,Call of Duty,,Warzone,Season 04,MONDAY JUNE 2,heading,Call of Duty: Warzone Patch Season 04 Patch Notes,https://www.callofduty.com/patchnotes/2025/05/call-of-duty-bo6-warzone-season-04-patch-notes,call-of-duty-bo6-warzone-season-04-patch-notes-0920046ff5.html,2026-09-18T00:27:42.120306+00:00
2025-06-06,Call of Duty,Black Ops 6,,Season 04,June 6,anchor,Call of Duty: Black Ops 6 Season 04 Patch Notes,https://www.callofduty.com/patchnotes/2025/05/call-of-duty-black-ops-6-season-04-patch-notes,call-of-duty-black-ops-6-season-04-patch-notes-566d659dae.html,2026-09-18T00:27:39.516524+00:00
2025-06-06,Call of Duty,,Warzone,Season 04,FRIDAY JUNE 6,heading,Call of Duty: Warzone Patch Season 04 Patch Notes,https://www.callofduty.com/patchnotes/2025/05/call-of-duty-bo6-warzone-season-04-patch-notes,call-of-duty-bo6-warzone-season-04-patch-notes-0920046ff5.html,2026-09-18T00:27:42.120306+00:00
2025-06-12,Call of Duty,Black Ops 6,,Season 04,June 12,anchor,Call of Duty: Black Ops 6 Season 04 Patch Notes,https://www.callofduty.com/patchnotes/2025/05/call-of-duty-black-ops-6-season-04-patch-notes,call-of-duty-black-ops-6-season-04-patch-notes-566d659dae.html,2026-09-18T00:27:39.516524+00:00
2025-06-18,Call of Duty,Black Ops 6,,Season 04,June 18,anchor,Call of Duty: Black Ops 6 Season 04 Patch Notes,https://www.callofduty.com/patchnotes/2025/05/call-of-duty-black-ops-6-season-04-patch-notes,call-of-duty-black-ops-6-season-04-patch-notes-566d659dae.html,2026-09-18T00:27:39.516524+00:00
2025-07-01,Call of Duty,Black Ops 6,,Season 04,"July 01, 2025",dateline,Call of Duty: Black Ops 6 Season 04 Patch Notes,https://www.callofduty.com/patchnotes/2025/05/call-of-duty-black-ops-6-season-04-patch-notes,call-of-duty-black-ops-6-season-04-patch-notes-566d659dae.html,2026-09-18T00:27:39.516524+00:00
2025-07-01,Call of Duty,,Warzone,Season 04 Reloaded,TUESDAY JULY 1,heading;dateline,Call of Duty: Warzone Patch Season 04 Reloaded Patch Notes,https://www.callofduty.com/patchnotes/2025/07/call-of-duty-bo6-warzone-season-04-reloaded-patch-notes,call-of-duty-bo6-warzone-season-04-reloaded-patch-notes-ba4899fd43.html,2026-09-18T00:27:43.313491+00:00
2025-07-08,Call of Duty,Black Ops 6,,Season 04,July 8,anchor,Call of Duty: Black Ops 6 Season 04 Patch Notes,https://www.callofduty.com/patchnotes/2025/05/call-of-duty-black-ops-6-season-04-patch-notes,call-of-duty-black-ops-6-season-04-patch-notes-566d659dae.html,2026-09-18T00:27:39.516524+00:00
2025-07-08,Call of Duty,,Warzone,Season 04 Reloaded,TUESDAY JULY 8,heading,Call of Duty: Warzone Patch Season 04 Reloaded Patch Notes,https://www.callofduty.com/patchnotes/2025/07/call-of-duty-bo6-warzone-season-04-reloaded-patch-notes,call-of-duty-bo6-warzone-season-04-reloaded-patch-notes-ba4899fd43.html,2026-09-18T00:27:43.313491+00:00
2025-07-10,Call of Duty,,Warzone,Season 04 Reloaded,THURSDAY JULY 10,heading,Call of Duty: Warzone Patch Season 04 Reloaded Patch Notes,https://www.callofduty.com/patchnotes/2025/07/call-of-duty-bo6-warzone-season-04-reloaded-patch-notes,call-of-duty-bo6-warzone-season-04-reloaded-patch-notes-ba4899fd43.html,2026-09-18T00:27:43.313491+00:00
2025-07-16,Call of Duty,,Warzone,Season 04 Reloaded,WEDNESDAY JULY 16,heading,Call of Duty: Warzone Patch Season 04 Reloaded Patch Notes,https://www.callofduty.com/patchnotes/2025/07/call-of-duty-bo6-warzone-season-04-reloaded-patch-notes,call-of-duty-bo6-warzone-season-04-reloaded-patch-notes-ba4899fd43.html,2026-09-18T00:27:43.313491+00:00
2025-08-06,Call of Duty,,Warzone,Season 05,WEDNESDAY AUGUST 6,heading,Call of Duty: Warzone Patch Season 05 Patch Notes,https://www.callofduty.com/patchnotes/2025/08/call-of-duty-bo6-warzone-season-05-patch-notes,call-of-duty-bo6-warzone-season-05-patch-notes-e08bd712d2.html,2026-09-18T00:27:45.833886+00:00
2025-08-13,Call of Duty,Black Ops 6,,Season 05,August 13,anchor,Call of Duty: Black Ops 6 Season 05 Patch Notes,https://www.callofduty.com/patchnotes/2025/08/call-of-duty-black-ops-6-season-05-patch-notes,call-of-duty-black-ops-6-season-05-patch-notes-e05ae40021.html,2026-09-18T00:27:44.667092+00:00
2025-08-13,Call of Duty,,Warzone,Season 05,WEDNESDAY AUGUST 13,heading,Call of Duty: Warzone Patch Season 05 Patch Notes,https://www.callofduty.com/patchnotes/2025/08/call-of-duty-bo6-warzone-season-05-patch-notes,call-of-duty-bo6-warzone-season-05-patch-notes-e08bd712d2.html,2026-09-18T00:27:45.833886+00:00
2025-09-03,Call of Duty,Black Ops 6,,Season 05,"September 03, 2025",dateline,Call of Duty: Black Ops 6 Season 05 Patch Notes,https://www.callofduty.com/patchnotes/2025/08/call-of-duty-black-ops-6-season-05-patch-notes,call-of-duty-black-ops-6-season-05-patch-notes-e05ae40021.html,2026-09-18T00:27:44.667092+00:00
2025-09-03,Call of Duty,,Warzone,Season 05,WEDNESDAY SEPTEMBER 3,heading;dateline,Call of Duty: Warzone Patch Season 05 Patch Notes,https://www.callofduty.com/patchnotes/2025/08/call-of-duty-bo6-warzone-season-05-patch-notes,call-of-duty-bo6-warzone-season-05-patch-notes-e08bd712d2.html,2026-09-18T00:27:45.833886+00:00
2025-09-08,Call of Duty,,Warzone,Season 05,MONDAY SEPTEMBER 8,heading,Call of Duty: Warzone Patch Season 05 Patch Notes,https://www.callofduty.com/patchnotes/2025/08/call-of-duty-bo6-warzone-season-05-patch-notes,call-of-duty-bo6-warzone-season-05-patch-notes-e08bd712d2.html,2026-09-18T00:27:45.833886+00:00
2025-09-16,Call of Duty,,Warzone,Season 05,TUESDAY SEPTEMBER 16,heading,Call of Duty: Warzone Patch Season 05 Patch Notes,https://www.callofduty.com/patchnotes/2025/08/call-of-duty-bo6-warzone-season-05-patch-notes,call-of-duty-bo6-warzone-season-05-patch-notes-e08bd712d2.html,2026-09-18T00:27:45.833886+00:00
2025-10-02,Call of Duty,Black Ops 7,,Beta,October 2,anchor,Call of Duty: Black Ops 7 Beta Patch Notes,https://www.callofduty.com/patchnotes/2025/10/call-of-duty-black-ops-7-beta-patch-notes,call-of-duty-black-ops-7-beta-patch-notes-4b109d80bc.html,2026-09-18T00:27:48.164464+00:00
2025-10-03,Call of Duty,Black Ops 7,,Beta,October 3,anchor,Call of Duty: Black Ops 7 Beta Patch Notes,https://www.callofduty.com/patchnotes/2025/10/call-of-duty-black-ops-7-beta-patch-notes,call-of-duty-black-ops-7-beta-patch-notes-4b109d80bc.html,2026-09-18T00:27:48.164464+00:00
2025-10-04,Call of Duty,Black Ops 7,,Beta,October 4,anchor,Call of Duty: Black Ops 7 Beta Patch Notes,https://www.callofduty.com/patchnotes/2025/10/call-of-duty-black-ops-7-beta-patch-notes,call-of-duty-black-ops-7-beta-patch-notes-4b109d80bc.html,2026-09-18T00:27:48.164464+00:00
2025-10-05,Call of Duty,Black Ops 7,,Beta,October 5,anchor,Call of Duty: Black Ops 7 Beta Patch Notes,https://www.callofduty.com/patchnotes/2025/10/call-of-duty-black-ops-7-beta-patch-notes,call-of-duty-black-ops-7-beta-patch-notes-4b109d80bc.html,2026-09-18T00:27:48.164464+00:00
2025-10-06,Call of Duty,Black Ops 7,,Beta,October 6,anchor,Call of Duty: Black Ops 7 Beta Patch Notes,https://www.callofduty.com/patchnotes/2025/10/call-of-duty-black-ops-7-beta-patch-notes,call-of-duty-black-ops-7-beta-patch-notes-4b109d80bc.html,2026-09-18T00:27:48.164464+00:00
2025-10-07,Call of Duty,Black Ops 7,,Beta,October 7,anchor,Call of Duty: Black Ops 7 Beta Patch Notes,https://www.callofduty.com/patchnotes/2025/10/call-of-duty-black-ops-7-beta-patch-notes,call-of-duty-black-ops-7-beta-patch-notes-4b109d80bc.html,2026-09-18T00:27:48.164464+00:00
2025-10-08,Call of Duty,Black Ops 6,,Season 06,"October 08, 2025",dateline;anchor,Call of Duty: Black Ops 6 Season 06 Patch Notes,https://www.callofduty.com/patchnotes/2025/10/call-of-duty-black-ops-6-season-06-patch-notes,call-of-duty-black-ops-6-season-06-patch-notes-3dc9188c40.html,2026-09-18T00:27:47.074136+00:00
2025-10-08,Call of Duty,Black Ops 7,,Beta,October 8,anchor,Call of Duty: Black Ops 7 Beta Patch Notes,https://www.callofduty.com/patchnotes/2025/10/call-of-duty-black-ops-7-beta-patch-notes,call-of-duty-black-ops-7-beta-patch-notes-4b109d80bc.html,2026-09-18T00:27:48.164464+00:00
2025-10-08,Call of Duty,,Warzone,Season 06,WEDNESDAY OCTOBER 8,heading;dateline,Call of Duty: Warzone Patch Season 06 Patch Notes,https://www.callofduty.com/patchnotes/2025/10/call-of-duty-bo6-warzone-season-06-patch-notes,call-of-duty-bo6-warzone-season-06-patch-notes-3621e9d856.html,2026-09-18T00:27:49.295404+00:00
2025-10-09,Call of Duty,Black Ops 7,,Beta,"October 09, 2025",dateline;anchor,Call of Duty: Black Ops 7 Beta Patch Notes,https://www.callofduty.com/patchnotes/2025/10/call-of-duty-black-ops-7-beta-patch-notes,call-of-duty-black-ops-7-beta-patch-notes-4b109d80bc.html,2026-09-18T00:27:48.164464+00:00
2025-10-15,Call of Duty,Black Ops 6,,Season 06,October 15,anchor,Call of Duty: Black Ops 6 Season 06 Patch Notes,https://www.callofduty.com/patchnotes/2025/10/call-of-duty-black-ops-6-season-06-patch-notes,call-of-duty-black-ops-6-season-06-patch-notes-3dc9188c40.html,2026-09-18T00:27:47.074136+00:00
2025-10-21,Call of Duty,,Warzone,Season 06,TUESDAY OCTOBER 21,heading,Call of Duty: Warzone Patch Season 06 Patch Notes,https://www.callofduty.com/patchnotes/2025/10/call-of-duty-bo6-warzone-season-06-patch-notes,call-of-duty-bo6-warzone-season-06-patch-notes-3621e9d856.html,2026-09-18T00:27:49.295404+00:00
2025-11-14,Call of Duty,Black Ops 7,,Preseason,November 14,anchor,Call of Duty: Black Ops 7 Preseason Patch Notes,https://www.callofduty.com/patchnotes/2025/11/call-of-duty-black-ops-7-preseason-patch-notes,call-of-duty-black-ops-7-preseason-patch-notes-142d7fa736.html,2026-09-18T00:27:50.458542+00:00
2025-11-16,Call of Duty,Black Ops 7,,Preseason,November 16,anchor,Call of Duty: Black Ops 7 Preseason Patch Notes,https://www.callofduty.com/patchnotes/2025/11/call-of-duty-black-ops-7-preseason-patch-notes,call-of-duty-black-ops-7-preseason-patch-notes-142d7fa736.html,2026-09-18T00:27:50.458542+00:00
2025-11-18,Call of Duty,Black Ops 7,,Preseason,November 18,anchor,Call of Duty: Black Ops 7 Preseason Patch Notes,https://www.callofduty.com/patchnotes/2025/11/call-of-duty-black-ops-7-preseason-patch-notes,call-of-duty-black-ops-7-preseason-patch-notes-142d7fa736.html,2026-09-18T00:27:50.458542+00:00
2025-11-19,Call of Duty,Black Ops 7,,Preseason,November 19,anchor,Call of Duty: Black Ops 7 Preseason Patch Notes,https://www.callofduty.com/patchnotes/2025/11/call-of-duty-black-ops-7-preseason-patch-notes,call-of-duty-black-ops-7-preseason-patch-notes-142d7fa736.html,2026-09-18T00:27:50.458542+00:00
2025-11-21,Call of Duty,Black Ops 7,,Preseason,November 21,anchor,Call of Duty: Black Ops 7 Preseason Patch Notes,https://www.callofduty.com/patchnotes/2025/11/call-of-duty-black-ops-7-preseason-patch-notes,call-of-duty-black-ops-7-preseason-patch-notes-142d7fa736.html,2026-09-18T00:27:50.458542+00:00
2025-11-24,Call of Duty,Black Ops 7,,Preseason,November 24,anchor,Call of Duty: Black Ops 7 Preseason Patch Notes,https://www.callofduty.com/patchnotes/2025/11/call-of-duty-black-ops-7-preseason-patch-notes,call-of-duty-black-ops-7-preseason-patch-notes-142d7fa736.html,2026-09-18T00:27:50.458542+00:00
2025-11-25,Call of Duty,Black Ops 7,,Preseason,November 25,anchor,Call of Duty: Black Ops 7 Preseason Patch Notes,https://www.callofduty.com/patchnotes/2025/11/call-of-duty-black-ops-7-preseason-patch-notes,call-of-duty-black-ops-7-preseason-patch-notes-142d7fa736.html,2026-09-18T00:27:50.458542+00:00
2025-11-26,Call of Duty,Black Ops 7,,Preseason,"November 26, 2025",dateline;anchor,Call of Duty: Black Ops 7 Preseason Patch Notes,https://www.callofduty.com/patchnotes/2025/11/call-of-duty-black-ops-7-preseason-patch-notes,call-of-duty-black-ops-7-preseason-patch-notes-142d7fa736.html,2026-09-18T00:27:50.458542+00:00
2025-12-03,Call of Duty,,Warzone,Season 01,WEDNESDAY DECEMBER 3,heading,Call of Duty: Warzone Season 01 Patch Notes,https://www.callofduty.com/patchnotes/2025/12/call-of-duty-bo7-warzone-season-01-patch-notes,call-of-duty-bo7-warzone-season-01-patch-notes-a46e06fe43.html,2026-09-18T00:27:53.021239+00:00
2025-12-05,Call of Duty,Black Ops 7,,Season 01,December 5,anchor,Call of Duty: Black Ops 7 Season 01 Patch Notes,https://www.callofduty.com/patchnotes/2025/12/call-of-duty-black-ops-7-season-01-patch-notes,call-of-duty-black-ops-7-season-01-patch-notes-0396050a8c.html,2026-09-18T00:27:51.751532+00:00
2025-12-10,Call of Duty,Black Ops 7,,Season 01,December 10,anchor,Call of Duty: Black Ops 7 Season 01 Patch Notes,https://www.callofduty.com/patchnotes/2025/12/call-of-duty-black-ops-7-season-01-patch-notes,call-of-duty-black-ops-7-season-01-patch-notes-0396050a8c.html,2026-09-18T00:27:51.751532+00:00
2025-12-10,Call of Duty,,Warzone,Season 01,WEDNESDAY DECEMBER 10,heading,Call of Duty: Warzone Season 01 Patch Notes,https://www.callofduty.com/patchnotes/2025/12/call-of-duty-bo7-warzone-season-01-patch-notes,call-of-duty-bo7-warzone-season-01-patch-notes-a46e06fe43.html,2026-09-18T00:27:53.021239+00:00
2025-12-12,Call of Duty,Black Ops 7,,Season 01,December 12,anchor,Call of Duty: Black Ops 7 Season 01 Patch Notes,https://www.callofduty.com/patchnotes/2025/12/call-of-duty-black-ops-7-season-01-patch-notes,call-of-duty-black-ops-7-season-01-patch-notes-0396050a8c.html,2026-09-18T00:27:51.751532+00:00
2025-12-12,Call of Duty,,Warzone,Season 01,FRIDAY DECEMBER 12,heading,Call of Duty: Warzone Season 01 Patch Notes,https://www.callofduty.com/patchnotes/2025/12/call-of-duty-bo7-warzone-season-01-patch-notes,call-of-duty-bo7-warzone-season-01-patch-notes-a46e06fe43.html,2026-09-18T00:27:53.021239+00:00
2025-12-16,Call of Duty,Black Ops 7,,Season 01,December 16,anchor,Call of Duty: Black Ops 7 Season 01 Patch Notes,https://www.callofduty.com/patchnotes/2025/12/call-of-duty-black-ops-7-season-01-patch-notes,call-of-duty-black-ops-7-season-01-patch-notes-0396050a8c.html,2026-09-18T00:27:51.751532+00:00
2025-12-16,Call of Duty,,Warzone,Season 01,TUESDAY DECEMBER 16,heading;dateline,Call of Duty: Warzone Season 01 Patch Notes,https://www.callofduty.com/patchnotes/2025/12/call-of-duty-bo7-warzone-season-01-patch-notes,call-of-duty-bo7-warzone-season-01-patch-notes-a46e06fe43.html,2026-09-18T00:27:53.021239+00:00
2026-01-08,Call of Duty,,Warzone,Season 01 Reloaded,THURSDAY JANUARY 8,heading;dateline,Call of Duty: Warzone Season 01 Reloaded Patch Notes,https://www.callofduty.com/patchnotes/2026/01/call-of-duty-bo7-warzone-season-01-reloaded-patch-notes,call-of-duty-bo7-warzone-season-01-reloaded-patch-notes-684355564c.html,2026-09-18T00:27:54.255212+00:00
2026-01-13,Call of Duty,Black Ops 7,,Season 01,January 13,anchor,Call of Duty: Black Ops 7 Season 01 Patch Notes,https://www.callofduty.com/patchnotes/2025/12/call-of-duty-black-ops-7-season-01-patch-notes,call-of-duty-black-ops-7-season-01-patch-notes-0396050a8c.html,2026-09-18T00:27:51.751532+00:00
2026-01-13,Call of Duty,,Warzone,Season 01 Reloaded,TUESDAY JANUARY 13,heading,Call of Duty: Warzone Season 01 Reloaded Patch Notes,https://www.callofduty.com/patchnotes/2026/01/call-of-duty-bo7-warzone-season-01-reloaded-patch-notes,call-of-duty-bo7-warzone-season-01-reloaded-patch-notes-684355564c.html,2026-09-18T00:27:54.255212+00:00
2026-01-15,Call of Duty,,Warzone,Season 01 Reloaded,THURSDAY JANUARY 15,heading,Call of Duty: Warzone Season 01 Reloaded Patch Notes,https://www.callofduty.com/patchnotes/2026/01/call-of-duty-bo7-warzone-season-01-reloaded-patch-notes,call-of-duty-bo7-warzone-season-01-reloaded-patch-notes-684355564c.html,2026-09-18T00:27:54.255212+00:00
2026-01-20,Call of Duty,Black Ops 7,,Season 01,January 20,anchor,Call of Duty: Black Ops 7 Season 01 Patch Notes,https://www.callofduty.com/patchnotes/2025/12/call-of-duty-black-ops-7-season-01-patch-notes,call-of-duty-black-ops-7-season-01-patch-notes-0396050a8c.html,2026-09-18T00:27:51.751532+00:00
2026-01-22,Call of Duty,Black Ops 7,,Season 01,January 22,anchor,Call of Duty: Black Ops 7 Season 01 Patch Notes,https://www.callofduty.com/patchnotes/2025/12/call-of-duty-black-ops-7-season-01-patch-notes,call-of-duty-black-ops-7-season-01-patch-notes-0396050a8c.html,2026-09-18T00:27:51.751532+00:00
2026-01-22,Call of Duty,,Warzone,Season 01 Reloaded,THURSDAY JANUARY 22,heading,Call of Duty: Warzone Season 01 Reloaded Patch Notes,https://www.callofduty.com/patchnotes/2026/01/call-of-duty-bo7-warzone-season-01-reloaded-patch-notes,call-of-duty-bo7-warzone-season-01-reloaded-patch-notes-684355564c.html,2026-09-18T00:27:54.255212+00:00
2026-01-28,Call of Duty,Black Ops 7,,Season 01,"January 28, 2026",dateline;anchor,Call of Duty: Black Ops 7 Season 01 Patch Notes,https://www.callofduty.com/patchnotes/2025/12/call-of-duty-black-ops-7-season-01-patch-notes,call-of-duty-black-ops-7-season-01-patch-notes-0396050a8c.html,2026-09-18T00:27:51.751532+00:00
2026-02-04,Call of Duty,,Warzone,Season 02,WEDNESDAY FEBRUARY 4,heading,Call of Duty: Warzone Season 02 Patch Notes,https://www.callofduty.com/patchnotes/2026/02/call-of-duty-bo7-warzone-season-02-patch-notes,call-of-duty-bo7-warzone-season-02-patch-notes-55f7890b2d.html,2026-09-18T00:27:56.674047+00:00
2026-02-06,Call of Duty,Black Ops 7,,Season 02,February 6,anchor,Call of Duty: Black Ops 7 Season 02 Patch Notes,https://www.callofduty.com/patchnotes/2026/02/call-of-duty-black-ops-7-season-02-patch-notes,call-of-duty-black-ops-7-season-02-patch-notes-edeb15cbf8.html,2026-09-18T00:27:55.450517+00:00
2026-02-06,Call of Duty,,Warzone,Season 02,FRIDAY FEBRUARY 6,heading,Call of Duty: Warzone Season 02 Patch Notes,https://www.callofduty.com/patchnotes/2026/02/call-of-duty-bo7-warzone-season-02-patch-notes,call-of-duty-bo7-warzone-season-02-patch-notes-55f7890b2d.html,2026-09-18T00:27:56.674047+00:00
2026-02-13,Call of Duty,Black Ops 7,,Season 02,February 13,anchor,Call of Duty: Black Ops 7 Season 02 Patch Notes,https://www.callofduty.com/patchnotes/2026/02/call-of-duty-black-ops-7-season-02-patch-notes,call-of-duty-black-ops-7-season-02-patch-notes-edeb15cbf8.html,2026-09-18T00:27:55.450517+00:00
2026-02-13,Call of Duty,,Warzone,Season 02,FRIDAY FEBRUARY 13,heading,Call of Duty: Warzone Season 02 Patch Notes,https://www.callofduty.com/patchnotes/2026/02/call-of-duty-bo7-warzone-season-02-patch-notes,call-of-duty-bo7-warzone-season-02-patch-notes-55f7890b2d.html,2026-09-18T00:27:56.674047+00:00
2026-02-19,Call of Duty,,Warzone,Season 02,THURSDAY FEBRUARY 19,heading,Call of Duty: Warzone Season 02 Patch Notes,https://www.callofduty.com/patchnotes/2026/02/call-of-duty-bo7-warzone-season-02-patch-notes,call-of-duty-bo7-warzone-season-02-patch-notes-55f7890b2d.html,2026-09-18T00:27:56.674047+00:00
2026-02-20,Call of Duty,Black Ops 7,,Season 02,February 20,anchor,Call of Duty: Black Ops 7 Season 02 Patch Notes,https://www.callofduty.com/patchnotes/2026/02/call-of-duty-black-ops-7-season-02-patch-notes,call-of-duty-black-ops-7-season-02-patch-notes-edeb15cbf8.html,2026-09-18T00:27:55.450517+00:00
2026-02-25,Call of Duty,Black Ops 7,,Season 02,February 25,anchor,Call of Duty: Black Ops 7 Season 02 Patch Notes,https://www.callofduty.com/patchnotes/2026/02/call-of-duty-black-ops-7-season-02-patch-notes,call-of-duty-black-ops-7-season-02-patch-notes-edeb15cbf8.html,2026-09-18T00:27:55.450517+00:00
2026-02-25,Call of Duty,,Warzone,Season 02,WEDNESDAY FEBRUARY 25,heading,Call of Duty: Warzone Season 02 Patch Notes,https://www.callofduty.com/patchnotes/2026/02/call-of-duty-bo7-warzone-season-02-patch-notes,call-of-duty-bo7-warzone-season-02-patch-notes-55f7890b2d.html,2026-09-18T00:27:56.674047+00:00
2026-02-27,Call of Duty,Black Ops 7,,Season 02,February 27,anchor,Call of Duty: Black Ops 7 Season 02 Patch Notes,https://www.callofduty.com/patchnotes/2026/02/call-of-duty-black-ops-7-season-02-patch-notes,call-of-duty-black-ops-7-season-02-patch-notes-edeb15cbf8.html,2026-09-18T00:27:55.450517+00:00
2026-02-27,Call of Duty,,Warzone,Season 02,FRIDAY FEBRUARY 27,heading,Call of Duty: Warzone Season 02 Patch Notes,https://www.callofduty.com/patchnotes/2026/02/call-of-duty-bo7-warzone-season-02-patch-notes,call-of-duty-bo7-warzone-season-02-patch-notes-55f7890b2d.html,2026-09-18T00:27:56.674047+00:00
2026-03-03,Call of Duty,,Warzone,Season 02,TUESDAY MARCH 3,heading;dateline,Call of Duty: Warzone Season 02 Patch Notes,https://www.callofduty.com/patchnotes/2026/02/call-of-duty-bo7-warzone-season-02-patch-notes,call-of-duty-bo7-warzone-season-02-patch-notes-55f7890b2d.html,2026-09-18T00:27:56.674047+00:00
2026-03-10,Call of Duty,,Warzone,Season 02 Reloaded,TUESDAY MARCH 10,heading;dateline,Call of Duty: Warzone Season 02 Reloaded Patch Notes,https://www.callofduty.com/patchnotes/2026/03/call-of-duty-bo7-warzone-season-02-reloaded-patch-notes,call-of-duty-bo7-warzone-season-02-reloaded-patch-notes-6b6842819d.html,2026-09-18T00:27:57.956266+00:00
2026-03-12,Call of Duty,Black Ops 7,,Season 02,March 12,anchor,Call of Duty: Black Ops 7 Season 02 Patch Notes,https://www.callofduty.com/patchnotes/2026/02/call-of-duty-black-ops-7-season-02-patch-notes,call-of-duty-black-ops-7-season-02-patch-notes-edeb15cbf8.html,2026-09-18T00:27:55.450517+00:00
2026-03-13,Call of Duty,,Warzone,Season 02 Reloaded,FRIDAY MARCH 13,heading,Call of Duty: Warzone Season 02 Reloaded Patch Notes,https://www.callofduty.com/patchnotes/2026/03/call-of-duty-bo7-warzone-season-02-reloaded-patch-notes,call-of-duty-bo7-warzone-season-02-reloaded-patch-notes-6b6842819d.html,2026-09-18T00:27:57.956266+00:00
2026-03-17,Call of Duty,Black Ops 7,,Season 02,March 17,anchor,Call of Duty: Black Ops 7 Season 02 Patch Notes,https://www.callofduty.com/patchnotes/2026/02/call-of-duty-black-ops-7-season-02-patch-notes,call-of-duty-black-ops-7-season-02-patch-notes-edeb15cbf8.html,2026-09-18T00:27:55.450517+00:00
2026-03-17,Call of Duty,,Warzone,Season 02 Reloaded,TUESDAY MARCH 17,heading,Call of Duty: Warzone Season 02 Reloaded Patch Notes,https://www.callofduty.com/patchnotes/2026/03/call-of-duty-bo7-warzone-season-02-reloaded-patch-notes,call-of-duty-bo7-warzone-season-02-reloaded-patch-notes-6b6842819d.html,2026-09-18T00:27:57.956266+00:00
2026-03-20,Call of Duty,Black Ops 7,,Season 02,March 20,anchor,Call of Duty: Black Ops 7 Season 02 Patch Notes,https://www.callofduty.com/patchnotes/2026/02/call-of-duty-black-ops-7-season-02-patch-notes,call-of-duty-black-ops-7-season-02-patch-notes-edeb15cbf8.html,2026-09-18T00:27:55.450517+00:00
2026-03-20,Call of Duty,,Warzone,Season 02 Reloaded,FRIDAY MARCH 20,heading,Call of Duty: Warzone Season 02 Reloaded Patch Notes,https://www.callofduty.com/patchnotes/2026/03/call-of-duty-bo7-warzone-season-02-reloaded-patch-notes,call-of-duty-bo7-warzone-season-02-reloaded-patch-notes-6b6842819d.html,2026-09-18T00:27:57.956266+00:00
2026-03-24,Call of Duty,Black Ops 7,,Season 02,March 24,anchor,Call of Duty: Black Ops 7 Season 02 Patch Notes,https://www.callofduty.com/patchnotes/2026/02/call-of-duty-black-ops-7-season-02-patch-notes,call-of-duty-black-ops-7-season-02-patch-notes-edeb15cbf8.html,2026-09-18T00:27:55.450517+00:00
2026-03-24,Call of Duty,,Warzone,Season 02 Reloaded,TUESDAY MARCH 24,heading,Call of Duty: Warzone Season 02 Reloaded Patch Notes,https://www.callofduty.com/patchnotes/2026/03/call-of-duty-bo7-warzone-season-02-reloaded-patch-notes,call-of-duty-bo7-warzone-season-02-reloaded-patch-notes-6b6842819d.html,2026-09-18T00:27:57.956266+00:00
2026-03-26,Call of Duty,Black Ops 7,,Season 02,"March 26, 2026",dateline;anchor,Call of Duty: Black Ops 7 Season 02 Patch Notes,https://www.callofduty.com/patchnotes/2026/02/call-of-duty-black-ops-7-season-02-patch-notes,call-of-duty-black-ops-7-season-02-patch-notes-edeb15cbf8.html,2026-09-18T00:27:55.450517+00:00
2026-03-31,Call of Duty,,Warzone,Season 03,TUESDAY MARCH 31,heading,Call of Duty: Warzone Season 03 Patch Notes,https://www.callofduty.com/patchnotes/2026/04/call-of-duty-bo7-warzone-season-03-patch-notes,call-of-duty-bo7-warzone-season-03-patch-notes-375633ed4c.html,2026-09-18T00:28:00.391252+00:00
2026-04-09,Call of Duty,Black Ops 7,,Season 03,April 9,anchor,Call of Duty: Black Ops 7 Season 03 Patch Notes,https://www.callofduty.com/patchnotes/2026/04/call-of-duty-black-ops-7-season-03-patch-notes,call-of-duty-black-ops-7-season-03-patch-notes-3242012416.html,2026-09-18T00:27:59.164124+00:00
2026-04-09,Call of Duty,,Warzone,Season 03,THURSDAY APRIL 9,heading,Call of Duty: Warzone Season 03 Patch Notes,https://www.callofduty.com/patchnotes/2026/04/call-of-duty-bo7-warzone-season-03-patch-notes,call-of-duty-bo7-warzone-season-03-patch-notes-375633ed4c.html,2026-09-18T00:28:00.391252+00:00
2026-04-10,Call of Duty,Black Ops 7,,Season 03,April 10,anchor,Call of Duty: Black Ops 7 Season 03 Patch Notes,https://www.callofduty.com/patchnotes/2026/04/call-of-duty-black-ops-7-season-03-patch-notes,call-of-duty-black-ops-7-season-03-patch-notes-3242012416.html,2026-09-18T00:27:59.164124+00:00
2026-04-14,Call of Duty,Black Ops 7,,Season 03,April 14,anchor,Call of Duty: Black Ops 7 Season 03 Patch Notes,https://www.callofduty.com/patchnotes/2026/04/call-of-duty-black-ops-7-season-03-patch-notes,call-of-duty-black-ops-7-season-03-patch-notes-3242012416.html,2026-09-18T00:27:59.164124+00:00
2026-04-21,Call of Duty,Black Ops 7,,Season 03,April 21,anchor,Call of Duty: Black Ops 7 Season 03 Patch Notes,https://www.callofduty.com/patchnotes/2026/04/call-of-duty-black-ops-7-season-03-patch-notes,call-of-duty-black-ops-7-season-03-patch-notes-3242012416.html,2026-09-18T00:27:59.164124+00:00
2026-04-21,Call of Duty,,Warzone,Season 03,TUESDAY APRIL 21,heading;dateline,Call of Duty: Warzone Season 03 Patch Notes,https://www.callofduty.com/patchnotes/2026/04/call-of-duty-bo7-warzone-season-03-patch-notes,call-of-duty-bo7-warzone-season-03-patch-notes-375633ed4c.html,2026-09-18T00:28:00.391252+00:00
2026-04-29,Call of Duty,,Warzone,Season 03 Reloaded,WEDNESDAY APRIL 29,heading,Call of Duty: Warzone Season 03 Reloaded Patch Notes,https://www.callofduty.com/patchnotes/2026/04/call-of-duty-bo7-warzone-season-03-reloaded-patch-notes,call-of-duty-bo7-warzone-season-03-reloaded-patch-notes-a197f1fb0b.html,2026-09-18T00:28:01.556926+00:00
2026-05-01,Call of Duty,Black Ops 7,,Season 03,May 1,anchor,Call of Duty: Black Ops 7 Season 03 Patch Notes,https://www.callofduty.com/patchnotes/2026/04/call-of-duty-black-ops-7-season-03-patch-notes,call-of-duty-black-ops-7-season-03-patch-notes-3242012416.html,2026-09-18T00:27:59.164124+00:00
2026-05-11,Call of Duty,Black Ops 7,,Season 03,May 11,anchor,Call of Duty: Black Ops 7 Season 03 Patch Notes,https://www.callofduty.com/patchnotes/2026/04/call-of-duty-black-ops-7-season-03-patch-notes,call-of-duty-black-ops-7-season-03-patch-notes-3242012416.html,2026-09-18T00:27:59.164124+00:00
2026-05-11,Call of Duty,,Warzone,Season 03 Reloaded,MONDAY MAY 11,heading,Call of Duty: Warzone Season 03 Reloaded Patch Notes,https://www.callofduty.com/patchnotes/2026/04/call-of-duty-bo7-warzone-season-03-reloaded-patch-notes,call-of-duty-bo7-warzone-season-03-reloaded-patch-notes-a197f1fb0b.html,2026-09-18T00:28:01.556926+00:00
2026-05-14,Call of Duty,Black Ops 7,,Season 03,May 14,anchor,Call of Duty: Black Ops 7 Season 03 Patch Notes,https://www.callofduty.com/patchnotes/2026/04/call-of-duty-black-ops-7-season-03-patch-notes,call-of-duty-black-ops-7-season-03-patch-notes-3242012416.html,2026-09-18T00:27:59.164124+00:00
2026-05-14,Call of Duty,,Warzone,Season 03 Reloaded,THURSDAY MAY 14,heading,Call of Duty: Warzone Season 03 Reloaded Patch Notes,https://www.callofduty.com/patchnotes/2026/04/call-of-duty-bo7-warzone-season-03-reloaded-patch-notes,call-of-duty-bo7-warzone-season-03-reloaded-patch-notes-a197f1fb0b.html,2026-09-18T00:28:01.556926+00:00
2026-05-21,Call of Duty,,Warzone,Season 03 Reloaded,THURSDAY MAY 21,heading;dateline,Call of Duty: Warzone Season 03 Reloaded Patch Notes,https://www.callofduty.com/patchnotes/2026/04/call-of-duty-bo7-warzone-season-03-reloaded-patch-notes,call-of-duty-bo7-warzone-season-03-reloaded-patch-notes-a197f1fb0b.html,2026-09-18T00:28:01.556926+00:00
2026-05-22,Call of Duty,Black Ops 7,,Season 03,"May 22, 2026",dateline;anchor,Call of Duty: Black Ops 7 Season 03 Patch Notes,https://www.callofduty.com/patchnotes/2026/04/call-of-duty-black-ops-7-season-03-patch-notes,call-of-duty-black-ops-7-season-03-patch-notes-3242012416.html,2026-09-18T00:27:59.164124+00:00
2026-06-03,Call of Duty,,Warzone,Season 04,WEDNESDAY JUNE 3,heading,Call of Duty: Warzone Season 04 Patch Notes,https://www.callofduty.com/patchnotes/2026/06/call-of-duty-bo7-warzone-season-04-patch-notes,call-of-duty-bo7-warzone-season-04-patch-notes-c76ec16a53.html,2026-09-18T00:28:03.924316+00:00
2026-06-10,Call of Duty,Black Ops 7,,Season 04,June 10,anchor,Call of Duty: Black Ops 7 Season 04 Patch Notes,https://www.callofduty.com/patchnotes/2026/06/call-of-duty-black-ops-7-season-04-patch-notes,call-of-duty-black-ops-7-season-04-patch-notes-1af67a3519.html,2026-09-18T00:28:02.746882+00:00
2026-06-10,Call of Duty,,Warzone,Season 04,WEDNESDAY JUNE 10,heading,Call of Duty: Warzone Season 04 Patch Notes,https://www.callofduty.com/patchnotes/2026/06/call-of-duty-bo7-warzone-season-04-patch-notes,call-of-duty-bo7-warzone-season-04-patch-notes-c76ec16a53.html,2026-09-18T00:28:03.924316+00:00
2026-06-16,Call of Duty,Black Ops 7,,Season 04,June 16,anchor,Call of Duty: Black Ops 7 Season 04 Patch Notes,https://www.callofduty.com/patchnotes/2026/06/call-of-duty-black-ops-7-season-04-patch-notes,call-of-duty-black-ops-7-season-04-patch-notes-1af67a3519.html,2026-09-18T00:28:02.746882+00:00
2026-06-16,Call of Duty,,Warzone,Season 04,TUESDAY JUNE 16,heading;dateline,Call of Duty: Warzone Season 04 Patch Notes,https://www.callofduty.com/patchnotes/2026/06/call-of-duty-bo7-warzone-season-04-patch-notes,call-of-duty-bo7-warzone-season-04-patch-notes-c76ec16a53.html,2026-09-18T00:28:03.924316+00:00
2026-06-24,Call of Duty,,Warzone,Season 04 Reloaded,WEDNESDAY JUNE 24,heading,Call of Duty: Warzone Season 04 Reloaded Patch Notes,https://www.callofduty.com/patchnotes/2026/06/call-of-duty-bo7-warzone-season-04-reloaded-patch-notes,call-of-duty-bo7-warzone-season-04-reloaded-patch-notes-5d8adecb5c.html,2026-09-18T00:28:05.074112+00:00
2026-07-02,Call of Duty,Black Ops 7,,Season 04,"July 02, 2026",dateline;anchor,Call of Duty: Black Ops 7 Season 04 Patch Notes,https://www.callofduty.com/patchnotes/2026/06/call-of-duty-black-ops-7-season-04-patch-notes,call-of-duty-black-ops-7-season-04-patch-notes-1af67a3519.html,2026-09-18T00:28:02.746882+00:00
2026-07-02,Call of Duty,,Warzone,Season 04 Reloaded,THURSDAY JULY 2,heading,Call of Duty: Warzone Season 04 Reloaded Patch Notes,https://www.callofduty.com/patchnotes/2026/06/call-of-duty-bo7-warzone-season-04-reloaded-patch-notes,call-of-duty-bo7-warzone-season-04-reloaded-patch-notes-5d8adecb5c.html,2026-09-18T00:28:05.074112+00:00
2026-07-15,Call of Duty,,Warzone,Season 04 Reloaded,WEDNESDAY JULY 15,heading;dateline,Call of Duty: Warzone Season 04 Reloaded Patch Notes,https://www.callofduty.com/patchnotes/2026/06/call-of-duty-bo7-warzone-season-04-reloaded-patch-notes,call-of-duty-bo7-warzone-season-04-reloaded-patch-notes-5d8adecb5c.html,2026-09-18T00:28:05.074112+00:00
2026-07-22,Call of Duty,,Warzone,Season 05,WEDNESDAY JULY 22,heading,Call of Duty: Warzone Season 05 Patch Notes,https://www.callofduty.com/patchnotes/2026/07/call-of-duty-bo7-warzone-season-05-patch-notes,call-of-duty-bo7-warzone-season-05-patch-notes-1da45ce93c.html,2026-09-18T00:28:07.382302+00:00
2026-07-29,Call of Duty,Black Ops 7,,Season 05,July 29,anchor,Call of Duty: Black Ops 7 Season 05 Patch Notes,https://www.callofduty.com/patchnotes/2026/07/call-of-duty-black-ops-7-season-05-patch-notes,call-of-duty-black-ops-7-season-05-patch-notes-2c0bde2c79.html,2026-09-18T00:28:06.233848+00:00
2026-07-29,Call of Duty,,Warzone,Season 05,WEDNESDAY JULY 29,heading,Call of Duty: Warzone Season 05 Patch Notes,https://www.callofduty.com/patchnotes/2026/07/call-of-duty-bo7-warzone-season-05-patch-notes,call-of-duty-bo7-warzone-season-05-patch-notes-1da45ce93c.html,2026-09-18T00:28:07.382302+00:00
2026-08-05,Call of Duty,,Warzone,Season 05,WEDNESDAY AUGUST 5,heading,Call of Duty: Warzone Season 05 Patch Notes,https://www.callofduty.com/patchnotes/2026/07/call-of-duty-bo7-warzone-season-05-patch-notes,call-of-duty-bo7-warzone-season-05-patch-notes-1da45ce93c.html,2026-09-18T00:28:07.382302+00:00
2026-08-12,Call of Duty,,Warzone,Season 05,WEDNESDAY AUGUST 12,heading;dateline,Call of Duty: Warzone Season 05 Patch Notes,https://www.callofduty.com/patchnotes/2026/07/call-of-duty-bo7-warzone-season-05-patch-notes,call-of-duty-bo7-warzone-season-05-patch-notes-1da45ce93c.html,2026-09-18T00:28:07.382302+00:00
2026-08-19,Call of Duty,,Warzone,Season 05 Reloaded,WEDNESDAY AUGUST 19,heading,Call of Duty: Warzone Season 05 Reloaded Patch Notes,https://www.callofduty.com/patchnotes/2026/08/call-of-duty-bo7-warzone-season-05-reloaded-patch-notes,call-of-duty-bo7-warzone-season-05-reloaded-patch-notes-92b999e69b.html,2026-09-18T00:28:08.535822+00:00
2026-08-20,Call of Duty,Modern Warfare 4,,Beta,THURSDAY AUGUST 20,heading;anchor,Call of Duty: Modern Warfare 4 Beta Patch Notes,https://www.callofduty.com/patchnotes/2026/08/call-of-duty-modern-warfare-4-beta-patch-notes,call-of-duty-modern-warfare-4-beta-patch-notes-40cab96578.html,2026-09-18T00:28:09.690182+00:00
2026-08-22,Call of Duty,Modern Warfare 4,,Beta,SATURDAY AUGUST 22,heading;anchor,Call of Duty: Modern Warfare 4 Beta Patch Notes,https://www.callofduty.com/patchnotes/2026/08/call-of-duty-modern-warfare-4-beta-patch-notes,call-of-duty-modern-warfare-4-beta-patch-notes-40cab96578.html,2026-09-18T00:28:09.690182+00:00
2026-08-23,Call of Duty,Modern Warfare 4,,Beta,SUNDAY AUGUST 23,heading;anchor,Call of Duty: Modern Warfare 4 Beta Patch Notes,https://www.callofduty.com/patchnotes/2026/08/call-of-duty-modern-warfare-4-beta-patch-notes,call-of-duty-modern-warfare-4-beta-patch-notes-40cab96578.html,2026-09-18T00:28:09.690182+00:00
2026-08-24,Call of Duty,Modern Warfare 4,,Beta,MONDAY AUGUST 24,heading;anchor,Call of Duty: Modern Warfare 4 Beta Patch Notes,https://www.callofduty.com/patchnotes/2026/08/call-of-duty-modern-warfare-4-beta-patch-notes,call-of-duty-modern-warfare-4-beta-patch-notes-40cab96578.html,2026-09-18T00:28:09.690182+00:00
2026-08-25,Call of Duty,Modern Warfare 4,,Beta,TUESDAY AUGUST 25,heading;anchor,Call of Duty: Modern Warfare 4 Beta Patch Notes,https://www.callofduty.com/patchnotes/2026/08/call-of-duty-modern-warfare-4-beta-patch-notes,call-of-duty-modern-warfare-4-beta-patch-notes-40cab96578.html,2026-09-18T00:28:09.690182+00:00
2026-08-27,Call of Duty,Modern Warfare 4,,Beta,THURSDAY AUGUST 27,heading,Call of Duty: Modern Warfare 4 Beta Patch Notes,https://www.callofduty.com/patchnotes/2026/08/call-of-duty-modern-warfare-4-beta-patch-notes,call-of-duty-modern-warfare-4-beta-patch-notes-40cab96578.html,2026-09-18T00:28:09.690182+00:00
2026-08-28,Call of Duty,Black Ops 7,,Season 05,August 28,anchor,Call of Duty: Black Ops 7 Season 05 Patch Notes,https://www.callofduty.com/patchnotes/2026/07/call-of-duty-black-ops-7-season-05-patch-notes,call-of-duty-black-ops-7-season-05-patch-notes-2c0bde2c79.html,2026-09-18T00:28:06.233848+00:00
2026-08-28,Call of Duty,,Warzone,Season 05 Reloaded,FRIDAY AUGUST 28,heading;dateline,Call of Duty: Warzone Season 05 Reloaded Patch Notes,https://www.callofduty.com/patchnotes/2026/08/call-of-duty-bo7-warzone-season-05-reloaded-patch-notes,call-of-duty-bo7-warzone-season-05-reloaded-patch-notes-92b999e69b.html,2026-09-18T00:28:08.535822+00:00
2026-08-28,Call of Duty,Modern Warfare 4,,Beta,Friday AUGUST 28,heading,Call of Duty: Modern Warfare 4 Beta Patch Notes,https://www.callofduty.com/patchnotes/2026/08/call-of-duty-modern-warfare-4-beta-patch-notes,call-of-duty-modern-warfare-4-beta-patch-notes-40cab96578.html,2026-09-18T00:28:09.690182+00:00
2026-08-29,Call of Duty,Modern Warfare 4,,Beta,SATURDAY AUGUST 29,heading,Call of Duty: Modern Warfare 4 Beta Patch Notes,https://www.callofduty.com/patchnotes/2026/08/call-of-duty-modern-warfare-4-beta-patch-notes,call-of-duty-modern-warfare-4-beta-patch-notes-40cab96578.html,2026-09-18T00:28:09.690182+00:00
2026-08-30,Call of Duty,Modern Warfare 4,,Beta,SUNDAY AUGUST 30,heading;anchor,Call of Duty: Modern Warfare 4 Beta Patch Notes,https://www.callofduty.com/patchnotes/2026/08/call-of-duty-modern-warfare-4-beta-patch-notes,call-of-duty-modern-warfare-4-beta-patch-notes-40cab96578.html,2026-09-18T00:28:09.690182+00:00
2026-08-31,Call of Duty,Modern Warfare 4,,Beta,MONDAY AUGUST 31,heading;anchor,Call of Duty: Modern Warfare 4 Beta Patch Notes,https://www.callofduty.com/patchnotes/2026/08/call-of-duty-modern-warfare-4-beta-patch-notes,call-of-duty-modern-warfare-4-beta-patch-notes-40cab96578.html,2026-09-18T00:28:09.690182+00:00
2026-09-01,Call of Duty,Modern Warfare 4,,Beta,TUESDAY SEPTEMBER 1,heading;dateline;anchor,Call of Duty: Modern Warfare 4 Beta Patch Notes,https://www.callofduty.com/patchnotes/2026/08/call-of-duty-modern-warfare-4-beta-patch-notes,call-of-duty-modern-warfare-4-beta-patch-notes-40cab96578.html,2026-09-18T00:28:09.690182+00:00
2026-09-02,Call of Duty,Black Ops 7,,Season 05,"September 02, 2026",dateline;anchor,Call of Duty: Black Ops 7 Season 05 Patch Notes,https://www.callofduty.com/patchnotes/2026/07/call-of-duty-black-ops-7-season-05-patch-notes,call-of-duty-black-ops-7-season-05-patch-notes-2c0bde2c79.html,2026-09-18T00:28:06.233848+00:00
2026-09-16,Call of Duty,Black Ops 7,,Season 06,"September 16, 2026",dateline,Call of Duty: Black Ops 7 Season 06 Patch Notes,https://www.callofduty.com/patchnotes/2026/09/call-of-duty-black-ops-7-season-06-patch-notes,call-of-duty-black-ops-7-season-06-patch-notes-b13e29c5c8.html,2026-09-18T00:28:10.981302+00:00
2026-09-16,Call of Duty,,Warzone,Season 06,WEDNESDAY SEPTEMBER 16,heading;dateline,Call of Duty: Warzone Season 06 Patch Notes,https://www.callofduty.com/patchnotes/2026/09/call-of-duty-bo7-warzone-season-06-patch-notes,call-of-duty-bo7-warzone-season-06-patch-notes-5ee571a186.html,2026-09-18T00:28:12.076746+00:00
